time,pres,echo,temp,theta,sal,sigma,angle,flow,hzvel,vtvel,vol,net,fluor,ptran,oxygen,Irradcurrent,Irradiance,lat,lon,HaulNo,Cruise,WS_MOCFileName
158.514977,2.6,0,29.286,29.285,50,33.282,29,84,24,-4.82,2017.2,0,0,0,0,0,0,24.3445,-81.2157,M4-050,OSTRICH 2014,L4S-A.PRO
158.515023,2.4,0,29.633,29.633,50,33.159,34,84,24,-4.44,2017.2,0,0,0,0,0,0,24.3446,-81.2156,M4-050,OSTRICH 2014,L4S-A.PRO
158.515081,2.4,0,29.496,29.495,50,33.208,46,84,24,-4.44,2017.2,0,0,0,0,0,0,24.3447,-81.2156,M4-050,OSTRICH 2014,L4S-A.PRO
158.515127,2.6,0,29.378,29.377,50,33.249,54,84,24,-4.83,2017.2,0,0,0,0,0,0,24.3447,-81.2156,M4-050,OSTRICH 2014,L4S-A.PRO
158.515174,2.6,0,29.284,29.283,50,33.283,57,84,24,-4.84,2017.2,0,0,0,0,0,0,24.3448,-81.2156,M4-050,OSTRICH 2014,L4S-A.PRO
158.51522,2.6,0,28.824,28.823,10.42,3.771,58,84,24,-4.84,2017.2,0,0,0,0,0,0,24.3448,-81.2156,M4-050,OSTRICH 2014,L4S-A.PRO
158.515266,2.5,0,27.812,27.812,24.906,14.886,58,85,24.3,-4.65,2032.8,0,0,0,0,0,0,24.3448,-81.2156,M4-050,OSTRICH 2014,L4S-A.PRO
158.515313,2.6,0,27.821,27.82,30.297,18.923,58,86,24.6,-4.85,2048.5,0,0,0,0,0,0,24.3449,-81.2155,M4-050,OSTRICH 2014,L4S-A.PRO
158.515359,2.5,0,27.804,27.804,36.407,23.52,60,87,0.9,0.17,2062.1,0,0,0,0,0,0,24.3449,-81.2155,M4-050,OSTRICH 2014,L4S-A.PRO
158.515405,2.6,0,27.8,27.799,36.49,23.584,61,88,1.1,-0.41,2075.5,0,0,0,0,0,0,24.345,-81.2155,M4-050,OSTRICH 2014,L4S-A.PRO
158.515451,2.6,0,27.798,27.797,36.534,23.618,60,89,1.4,-0.41,2089.3,0,0,0,0,0,0,24.345,-81.2155,M4-050,OSTRICH 2014,L4S-A.PRO
158.515498,2.6,0,27.792,27.792,36.49,23.586,60,90,1.7,-0.02,2102.9,0,0,0,0,0,0,24.3451,-81.2155,M4-050,OSTRICH 2014,L4S-A.PRO
158.515544,3,0,27.79,27.789,36.395,23.515,60,92,2.3,-0.8,2130.4,0,0,0,0,0,0,24.3451,-81.2155,M4-050,OSTRICH 2014,L4S-A.PRO
158.51559,2.9,0,27.789,27.788,36.24,23.399,61,93,2.6,-0.61,2143.9,0,0,0,0,0,0,24.3451,-81.2154,M4-050,OSTRICH 2014,L4S-A.PRO
158.515637,3,0,27.787,27.786,36.365,23.493,60,94,2.6,-1,2157.8,0,0,0,0,0,0,24.3452,-81.2154,M4-050,OSTRICH 2014,L4S-A.PRO
158.515683,3.4,0,27.787,27.786,36.352,23.484,61,95,2.6,-1.58,2171.6,0,0,0,0,0,0,24.3452,-81.2154,M4-050,OSTRICH 2014,L4S-A.PRO
158.515729,3.8,0,27.787,27.786,36.361,23.491,61,96,2.6,-2.56,2185.6,0,0,0,0,0,0,24.3453,-81.2154,M4-050,OSTRICH 2014,L4S-A.PRO
158.515775,4,0,27.786,27.785,36.367,23.496,61,97,2.6,-2.56,2199.6,0,0,0,0,0,0,24.3453,-81.2154,M4-050,OSTRICH 2014,L4S-A.PRO
158.515822,4.2,0,27.784,27.783,36.367,23.496,61,98,2.6,-2.95,2213.7,0,0,0,0,0,0,24.3454,-81.2153,M4-050,OSTRICH 2014,L4S-A.PRO
158.515868,4.7,0,27.784,27.783,36.352,23.485,61,99,2.6,-3.92,2228.1,0,0,0,0,0,0,24.3454,-81.2153,M4-050,OSTRICH 2014,L4S-A.PRO
158.515914,5,0,27.782,27.781,36.342,23.478,60,100,2.3,-3.73,2242.8,0,0,0,0,0,0,24.3454,-81.2153,M4-050,OSTRICH 2014,L4S-A.PRO
158.515961,5.1,0,27.781,27.779,36.344,23.48,61,101,2.3,-4.11,2257.2,0,0,0,0,0,0,24.3455,-81.2153,M4-050,OSTRICH 2014,L4S-A.PRO
158.516007,5.6,0,27.78,27.779,36.337,23.475,60,102,2.3,-4.9,2272.2,0,0,0,0,0,0,24.3455,-81.2152,M4-050,OSTRICH 2014,L4S-A.PRO
158.516053,5.9,0,27.781,27.779,36.328,23.468,61,104,2.6,-4.7,2300.1,0,0,0,0,0,0,24.3456,-81.2152,M4-050,OSTRICH 2014,L4S-A.PRO
158.5161,6.6,0,27.78,27.779,36.32,23.463,61,105,2.6,-5.09,2314.8,0,0,0,0,0,0,24.3456,-81.2152,M4-050,OSTRICH 2014,L4S-A.PRO
158.516146,7,0,27.781,27.779,36.324,23.465,61,106,2.6,-5.67,2329.6,0,0,0,0,0,0,24.3456,-81.2152,M4-050,OSTRICH 2014,L4S-A.PRO
158.516192,7.2,0,27.78,27.778,36.324,23.466,61,107,2.6,-5.67,2344.5,0,0,0,0,0,0,24.3457,-81.2152,M4-050,OSTRICH 2014,L4S-A.PRO
158.516238,7.5,0,27.779,27.777,36.317,23.461,60,108,2.6,-5.28,2359.6,0,0,0,0,0,0,24.3457,-81.2151,M4-050,OSTRICH 2014,L4S-A.PRO
158.516285,7.8,0,27.779,27.777,36.319,23.462,60,109,2.6,-5.28,2374.7,0,0,0,0,0,0,24.3458,-81.2151,M4-050,OSTRICH 2014,L4S-A.PRO
158.516331,8.2,0,27.779,27.777,36.32,23.463,61,110,2.6,-5.87,2389.6,0,0,0,0,0,0,24.3458,-81.2151,M4-050,OSTRICH 2014,L4S-A.PRO
158.516377,8.5,0,27.779,27.777,36.318,23.462,61,111,2.6,-5.47,2404.4,0,0,0,0,0,0,24.3458,-81.2151,M4-050,OSTRICH 2014,L4S-A.PRO
158.516424,9,0,27.778,27.776,36.318,23.462,60,112,2.3,-5.67,2419.6,0,0,0,0,0,0,24.3459,-81.2151,M4-050,OSTRICH 2014,L4S-A.PRO
158.51647,9.4,0,27.777,27.775,36.316,23.46,60,113,2.3,-5.28,2434.7,0,0,0,0,0,0,24.3459,-81.215,M4-050,OSTRICH 2014,L4S-A.PRO
158.516516,9.8,0,27.777,27.775,36.314,23.459,61,114,2.3,-5.27,2449.5,0,0,0,0,0,0,24.346,-81.215,M4-050,OSTRICH 2014,L4S-A.PRO
158.516563,9.9,0,27.778,27.775,36.315,23.46,60,115,2.3,-5.08,2464.5,0,0,0,0,0,0,24.346,-81.215,M4-050,OSTRICH 2014,L4S-A.PRO
158.516609,10.6,0,27.778,27.776,36.314,23.459,61,116,2.3,-5.86,2479.4,0,0,0,0,0,0,24.346,-81.215,M4-050,OSTRICH 2014,L4S-A.PRO
158.516655,10.6,0,27.779,27.776,36.314,23.459,60,118,2.6,-5.27,2508.2,0,0,0,0,0,0,24.3461,-81.215,M4-050,OSTRICH 2014,L4S-A.PRO
158.516701,11.1,0,27.779,27.776,36.314,23.458,60,119,2.6,-5.47,2523.3,0,0,0,0,0,0,24.3461,-81.2149,M4-050,OSTRICH 2014,L4S-A.PRO
158.516748,11.6,0,27.778,27.775,36.314,23.459,61,120,2.6,-5.66,2538.2,0,0,0,0,0,0,24.3462,-81.2149,M4-050,OSTRICH 2014,L4S-A.PRO
158.516794,12,0,27.778,27.775,36.314,23.459,60,121,2.6,-5.66,2553.4,0,0,0,0,0,0,24.3462,-81.2149,M4-050,OSTRICH 2014,L4S-A.PRO
158.51684,12.3,0,27.778,27.775,36.314,23.459,61,122,2.6,-5.47,2568.2,0,0,0,0,0,0,24.3462,-81.2149,M4-050,OSTRICH 2014,L4S-A.PRO
158.516887,12.7,0,27.778,27.775,36.314,23.459,60,123,2.6,-5.47,2583.3,0,0,0,0,0,0,24.3463,-81.2149,M4-050,OSTRICH 2014,L4S-A.PRO
158.516933,13,0,27.777,27.774,36.315,23.46,60,124,2.6,-5.85,2598.6,0,0,0,0,0,0,24.3463,-81.2148,M4-050,OSTRICH 2014,L4S-A.PRO
158.516979,13.5,0,27.775,27.772,36.316,23.462,61,125,2.6,-5.47,2613.4,0,0,0,0,0,0,24.3464,-81.2148,M4-050,OSTRICH 2014,L4S-A.PRO
158.517025,13.8,0,27.774,27.771,36.317,23.463,61,126,2.3,-6.05,2628.3,0,0,0,0,0,0,24.3464,-81.2148,M4-050,OSTRICH 2014,L4S-A.PRO
158.517072,13.8,0,27.773,27.769,36.317,23.463,59,127,2.3,-5.07,2643.7,0,0,0,0,0,0,24.3464,-81.2148,M4-050,OSTRICH 2014,L4S-A.PRO
158.517118,13.7,0,27.773,27.769,36.317,23.463,60,128,2.3,-4.09,2658.5,0,0,0,0,0,0,24.3465,-81.2148,M4-050,OSTRICH 2014,L4S-A.PRO
158.517164,13.7,0,27.773,27.77,36.315,23.462,59,130,2.6,-3.31,2687.4,0,0,0,0,0,0,24.3465,-81.2147,M4-050,OSTRICH 2014,L4S-A.PRO
158.517211,14,0,27.774,27.771,36.315,23.461,60,131,2.6,-3.12,2701.9,0,0,0,0,0,0,24.3465,-81.2147,M4-050,OSTRICH 2014,L4S-A.PRO
158.517257,14.3,0,27.774,27.77,36.315,23.462,60,132,2.6,-2.92,2716.3,0,0,0,0,0,0,24.3466,-81.2147,M4-050,OSTRICH 2014,L4S-A.PRO
158.517303,14.2,0,27.773,27.77,36.316,23.462,60,133,2.6,-2.14,2730.6,0,0,0,0,0,0,24.3466,-81.2147,M4-050,OSTRICH 2014,L4S-A.PRO
158.51735,14.6,0,27.773,27.769,36.316,23.462,58,134,2.6,-1.94,2745.5,0,0,0,0,0,0,24.3467,-81.2146,M4-050,OSTRICH 2014,L4S-A.PRO
158.517396,14.6,0,27.773,27.769,36.316,23.463,61,135,2.6,-1.36,2759.1,0,0,0,0,0,0,24.3467,-81.2146,M4-050,OSTRICH 2014,L4S-A.PRO
158.517442,14.9,0,27.773,27.769,36.316,23.462,60,136,2.6,-1.94,2773.3,0,0,0,0,0,0,24.3467,-81.2146,M4-050,OSTRICH 2014,L4S-A.PRO
158.517488,15.3,0,27.773,27.769,36.315,23.462,58,137,2.6,-2.92,2788.5,0,0,0,0,0,0,24.3468,-81.2146,M4-050,OSTRICH 2014,L4S-A.PRO
158.517535,15.2,0,27.773,27.77,36.315,23.462,58,138,2.3,-2.72,2803.5,0,0,0,0,0,0,24.3468,-81.2145,M4-050,OSTRICH 2014,L4S-A.PRO
158.517581,15.6,0,27.773,27.769,36.316,23.462,57,139,2.3,-3.11,2819.1,0,0,0,0,0,0,24.3468,-81.2145,M4-050,OSTRICH 2014,L4S-A.PRO
158.517627,16,0,27.773,27.769,36.316,23.462,58,140,2.3,-3.31,2834.3,0,0,0,0,0,0,24.3469,-81.2145,M4-050,OSTRICH 2014,L4S-A.PRO
158.517674,15.9,0,27.772,27.769,36.316,23.463,57,141,2.3,-3.31,2849.9,0,0,0,0,0,0,24.3469,-81.2145,M4-050,OSTRICH 2014,L4S-A.PRO
158.51772,16.1,0,27.772,27.768,36.316,23.463,57,142,2.3,-2.92,2865.4,0,0,0,0,0,0,24.3469,-81.2144,M4-050,OSTRICH 2014,L4S-A.PRO
158.517766,16.3,0,27.772,27.768,36.316,23.463,57,143,2.3,-3.31,2880.9,0,0,0,0,0,0,24.347,-81.2144,M4-050,OSTRICH 2014,L4S-A.PRO
158.517812,16.3,0,27.772,27.768,36.316,23.463,56,144,2.3,-2.72,2896.7,0,0,0,0,0,0,24.347,-81.2144,M4-050,OSTRICH 2014,L4S-A.PRO
158.517859,16.1,0,27.771,27.767,36.317,23.464,55,145,2.3,-1.55,2912.5,0,0,0,0,0,0,24.347,-81.2143,M4-050,OSTRICH 2014,L4S-A.PRO
158.517905,15.6,0,27.769,27.765,36.317,23.464,55,146,2.3,-0.77,2928,0,0,0,0,0,0,24.3471,-81.2143,M4-050,OSTRICH 2014,L4S-A.PRO
158.517951,15.3,0,27.77,27.766,36.316,23.464,55,147,2.3,0.59,2943.2,0,0,0,0,0,0,24.3471,-81.2143,M4-050,OSTRICH 2014,L4S-A.PRO
158.517998,14.8,0,27.771,27.767,36.316,23.463,54,149,2.6,2.35,2974,0,0,0,0,0,0,24.3471,-81.2143,M4-050,OSTRICH 2014,L4S-A.PRO
158.518044,14.6,0,27.771,27.767,36.315,23.462,55,150,2.6,2.55,2988.7,0,0,0,0,0,0,24.3472,-81.2142,M4-050,OSTRICH 2014,L4S-A.PRO
158.51809,14.3,0,27.771,27.768,36.315,23.462,54,151,2.6,3.52,3003.4,0,0,0,0,0,0,24.3472,-81.2142,M4-050,OSTRICH 2014,L4S-A.PRO
158.518137,13.9,0,27.773,27.77,36.314,23.461,56,152,2.6,4.5,3017.3,0,0,0,0,0,0,24.3472,-81.2142,M4-050,OSTRICH 2014,L4S-A.PRO
158.518183,14,0,27.774,27.771,36.314,23.46,56,153,2.6,4.3,3031.1,0,0,0,0,0,0,24.3472,-81.2142,M4-050,OSTRICH 2014,L4S-A.PRO
158.518229,14.2,0,27.775,27.772,36.314,23.46,56,154,2.6,3.52,3045.2,0,0,0,0,0,0,24.3473,-81.2141,M4-050,OSTRICH 2014,L4S-A.PRO
158.518275,14.6,0,27.776,27.773,36.314,23.46,56,155,2.6,1.96,3059.7,0,0,0,0,0,0,24.3473,-81.2141,M4-050,OSTRICH 2014,L4S-A.PRO
158.518333,14.6,0,27.776,27.773,36.313,23.459,56,156,2.6,1.38,3074.4,0,0,0,0,0,0,24.3473,-81.2141,M4-050,OSTRICH 2014,L4S-A.PRO
158.51838,14.7,0,27.776,27.773,36.314,23.46,55,157,2.3,0.21,3089.7,0,0,0,0,0,0,24.3474,-81.214,M4-050,OSTRICH 2014,L4S-A.PRO
158.518426,14.7,0,27.776,27.772,36.314,23.46,55,158,2.3,-0.18,3105.1,0,0,0,0,0,0,24.3474,-81.214,M4-050,OSTRICH 2014,L4S-A.PRO
158.518472,15,0,27.776,27.772,36.314,23.46,54,159,2.3,-1.35,3121.1,0,0,0,0,0,0,24.3474,-81.214,M4-050,OSTRICH 2014,L4S-A.PRO
158.518519,14.7,0,27.775,27.772,36.314,23.46,54,159,2,-1.35,3121.1,0,0,0,0,0,0,24.3475,-81.214,M4-050,OSTRICH 2014,L4S-A.PRO
158.518565,14.9,0,27.776,27.772,36.313,23.46,54,160,2,-1.55,3137.2,0,0,0,0,0,0,24.3475,-81.2139,M4-050,OSTRICH 2014,L4S-A.PRO
158.518611,15.1,0,27.775,27.772,36.314,23.46,62,161,2,-1.55,3150.6,0,0,0,0,0,0,24.3475,-81.2139,M4-050,OSTRICH 2014,L4S-A.PRO
158.518657,15.2,0,27.775,27.772,36.314,23.46,57,162,2,-1.15,3165.6,0,0,0,0,0,0,24.3476,-81.2139,M4-050,OSTRICH 2014,L4S-A.PRO
158.518704,15.3,0,27.775,27.772,36.314,23.46,54,1,2,-1.35,0,1,0,0,0,0,0,24.3476,-81.2139,M4-050,OSTRICH 2014,L4S-A.PRO
158.51875,15.1,0,27.776,27.772,36.314,23.46,53,2,2,-0.77,16.2,1,0,0,0,0,0,24.3476,-81.2138,M4-050,OSTRICH 2014,L4S-A.PRO
158.518796,14.7,0,27.776,27.773,36.314,23.46,53,3,2,0.01,32.3,1,0,0,0,0,0,24.3477,-81.2138,M4-050,OSTRICH 2014,L4S-A.PRO
158.518843,14.8,0,27.777,27.773,36.314,23.46,53,4,2,0.41,48.2,1,0,0,0,0,0,24.3477,-81.2138,M4-050,OSTRICH 2014,L4S-A.PRO
158.518889,14.4,0,27.777,27.773,36.315,23.46,52,5,2.3,0.41,64.4,1,0,0,0,0,0,24.3477,-81.2137,M4-050,OSTRICH 2014,L4S-A.PRO
158.518935,14.1,0,27.777,27.774,36.314,23.46,52,6,2.3,1.38,80.4,1,0,0,0,0,0,24.3477,-81.2137,M4-050,OSTRICH 2014,L4S-A.PRO
158.518981,14.3,0,27.777,27.774,36.314,23.46,52,7,2.3,1.38,96.4,1,0,0,0,0,0,24.3478,-81.2137,M4-050,OSTRICH 2014,L4S-A.PRO
158.519028,14.4,0,27.777,27.773,36.314,23.46,52,8,2.3,1.38,112.4,1,0,0,0,0,0,24.3478,-81.2137,M4-050,OSTRICH 2014,L4S-A.PRO
158.519074,14.4,0,27.777,27.774,36.314,23.46,53,8,2,1.58,112.4,1,0,0,0,0,0,24.3478,-81.2136,M4-050,OSTRICH 2014,L4S-A.PRO
158.51912,14.4,0,27.777,27.774,36.314,23.46,52,9,2,1.19,128.5,1,0,0,0,0,0,24.3478,-81.2136,M4-050,OSTRICH 2014,L4S-A.PRO
158.519167,14.5,0,27.777,27.774,36.315,23.46,53,10,2,0.21,144.4,1,0,0,0,0,0,24.3479,-81.2136,M4-050,OSTRICH 2014,L4S-A.PRO
158.519213,14.4,0,27.777,27.773,36.315,23.46,52,11,2,0.6,160.6,1,0,0,0,0,0,24.3479,-81.2136,M4-050,OSTRICH 2014,L4S-A.PRO
158.519259,14.4,0,27.777,27.774,36.313,23.459,52,12,2,0.02,177,1,0,0,0,0,0,24.3479,-81.2135,M4-050,OSTRICH 2014,L4S-A.PRO
158.519306,14.2,0,27.778,27.774,36.313,23.459,52,13,2,-0.18,193.4,1,0,0,0,0,0,24.3479,-81.2135,M4-050,OSTRICH 2014,L4S-A.PRO
158.519352,14.3,0,27.777,27.774,36.313,23.459,52,14,2,0.02,209.8,1,0,0,0,0,0,24.348,-81.2135,M4-050,OSTRICH 2014,L4S-A.PRO
158.519398,14.3,0,27.776,27.772,36.314,23.46,52,15,2,0.21,226.1,1,0,0,0,0,0,24.348,-81.2135,M4-050,OSTRICH 2014,L4S-A.PRO
158.519444,14.4,0,27.775,27.772,36.315,23.461,52,16,2.3,0.02,242.4,1,0,0,0,0,0,24.348,-81.2134,M4-050,OSTRICH 2014,L4S-A.PRO
158.519491,14.5,0,27.775,27.772,36.314,23.46,52,17,2.3,-0.18,258.8,1,0,0,0,0,0,24.348,-81.2134,M4-050,OSTRICH 2014,L4S-A.PRO
158.519537,14.3,0,27.776,27.773,36.314,23.46,53,18,2.3,0.41,274.7,1,0,0,0,0,0,24.3481,-81.2134,M4-050,OSTRICH 2014,L4S-A.PRO
158.519583,14.1,0,27.777,27.773,36.315,23.46,53,18,2,0.61,274.7,1,0,0,0,0,0,24.3481,-81.2134,M4-050,OSTRICH 2014,L4S-A.PRO
158.51963,14.1,0,27.777,27.773,36.315,23.46,52,19,2,0.6,290.9,1,0,0,0,0,0,24.3481,-81.2133,M4-050,OSTRICH 2014,L4S-A.PRO
158.519676,14,0,27.777,27.774,36.314,23.46,53,20,2,0.41,306.9,1,0,0,0,0,0,24.3481,-81.2133,M4-050,OSTRICH 2014,L4S-A.PRO
158.519722,14,0,27.777,27.774,36.315,23.46,52,21,2,0.6,323.1,1,0,0,0,0,0,24.3482,-81.2133,M4-050,OSTRICH 2014,L4S-A.PRO
158.519769,14,0,27.776,27.773,36.315,23.461,54,22,2,0.61,338.6,1,0,0,0,0,0,24.3482,-81.2133,M4-050,OSTRICH 2014,L4S-A.PRO
158.519815,14.2,0,27.773,27.77,36.316,23.462,52,23,2,0.41,354.8,1,0,0,0,0,0,24.3482,-81.2132,M4-050,OSTRICH 2014,L4S-A.PRO
158.519861,14.1,0,27.773,27.77,36.316,23.462,54,24,2,0.8,370.3,1,0,0,0,0,0,24.3482,-81.2132,M4-050,OSTRICH 2014,L4S-A.PRO
158.519907,14.2,0,27.773,27.77,36.316,23.462,53,25,2,0.21,386.3,1,0,0,0,0,0,24.3483,-81.2132,M4-050,OSTRICH 2014,L4S-A.PRO
158.519954,14.2,0,27.774,27.771,36.315,23.461,52,26,2.3,-0.18,402.7,1,0,0,0,0,0,24.3483,-81.2132,M4-050,OSTRICH 2014,L4S-A.PRO
158.52,14,0,27.774,27.771,36.316,23.462,52,27,2.3,0.21,419,1,0,0,0,0,0,24.3483,-81.2131,M4-050,OSTRICH 2014,L4S-A.PRO
158.520046,14.3,0,27.773,27.77,36.316,23.462,52,28,2.3,-0.57,435.5,1,0,0,0,0,0,24.3483,-81.2131,M4-050,OSTRICH 2014,L4S-A.PRO
158.520093,14.3,0,27.773,27.77,36.316,23.462,53,28,2,-0.57,435.5,1,0,0,0,0,0,24.3484,-81.2131,M4-050,OSTRICH 2014,L4S-A.PRO
158.520139,14.2,0,27.773,27.769,36.316,23.462,52,29,2,-0.37,452,1,0,0,0,0,0,24.3484,-81.2131,M4-050,OSTRICH 2014,L4S-A.PRO
158.520185,14.1,0,27.772,27.768,36.316,23.463,53,30,2,0.22,468,1,0,0,0,0,0,24.3484,-81.213,M4-050,OSTRICH 2014,L4S-A.PRO
158.520231,14.2,0,27.771,27.768,36.316,23.463,53,31,2,-0.17,484,1,0,0,0,0,0,24.3484,-81.213,M4-050,OSTRICH 2014,L4S-A.PRO
158.520278,14.6,0,27.77,27.767,36.317,23.464,63,32,2,-0.76,496.8,1,0,0,0,0,0,24.3485,-81.213,M4-050,OSTRICH 2014,L4S-A.PRO
158.520324,14.4,0,27.77,27.766,36.317,23.464,57,33,2,-0.37,511.6,1,0,0,0,0,0,24.3485,-81.213,M4-050,OSTRICH 2014,L4S-A.PRO
158.52037,14.3,0,27.769,27.766,36.316,23.464,54,1,2,-0.56,0,2,0,0,0,0,0,24.3485,-81.2129,M4-050,OSTRICH 2014,L4S-A.PRO
158.520417,14.4,0,27.77,27.767,36.316,23.463,51,2,2,-0.17,16.7,2,0,0,0,0,0,24.3485,-81.2129,M4-050,OSTRICH 2014,L4S-A.PRO
158.520463,14.2,0,27.769,27.765,36.316,23.464,51,3,2.3,0.22,33.4,2,0,0,0,0,0,24.3486,-81.2129,M4-050,OSTRICH 2014,L4S-A.PRO
158.520509,14.4,0,27.768,27.765,36.316,23.464,51,4,2.3,-0.37,50.2,2,0,0,0,0,0,24.3486,-81.2128,M4-050,OSTRICH 2014,L4S-A.PRO
158.520556,14.3,0,27.768,27.765,36.316,23.464,51,5,2.3,-0.37,66.9,2,0,0,0,0,0,24.3486,-81.2128,M4-050,OSTRICH 2014,L4S-A.PRO
158.520602,14.1,0,27.767,27.764,36.316,23.464,52,5,2,0.21,66.9,2,0,0,0,0,0,24.3486,-81.2128,M4-050,OSTRICH 2014,L4S-A.PRO
158.520648,14.1,0,27.767,27.763,36.316,23.465,51,6,2,1,83.4,2,0,0,0,0,0,24.3487,-81.2128,M4-050,OSTRICH 2014,L4S-A.PRO
158.520694,14.4,0,27.769,27.765,36.316,23.463,52,7,2,0.02,99.7,2,0,0,0,0,0,24.3487,-81.2128,M4-050,OSTRICH 2014,L4S-A.PRO
158.520741,14.1,0,27.771,27.767,36.315,23.462,51,8,2,0.41,116.3,2,0,0,0,0,0,24.3487,-81.2127,M4-050,OSTRICH 2014,L4S-A.PRO
158.520787,14.1,0,27.771,27.768,36.315,23.462,51,9,2,0.61,132.8,2,0,0,0,0,0,24.3487,-81.2127,M4-050,OSTRICH 2014,L4S-A.PRO
158.520833,14,0,27.772,27.769,36.315,23.462,51,10,2,0.41,149.4,2,0,0,0,0,0,24.3488,-81.2127,M4-050,OSTRICH 2014,L4S-A.PRO
158.52088,14.1,0,27.773,27.77,36.314,23.461,51,11,2,0.61,166,2,0,0,0,0,0,24.3488,-81.2126,M4-050,OSTRICH 2014,L4S-A.PRO
158.520926,14.3,0,27.773,27.77,36.314,23.461,52,12,2,0.02,182.3,2,0,0,0,0,0,24.3488,-81.2126,M4-050,OSTRICH 2014,L4S-A.PRO
158.520972,14.2,0,27.773,27.77,36.314,23.461,52,13,2.3,-0.17,198.7,2,0,0,0,0,0,24.3489,-81.2126,M4-050,OSTRICH 2014,L4S-A.PRO
158.521019,14,0,27.772,27.769,36.315,23.462,52,14,2.3,0.22,215,2,0,0,0,0,0,24.3489,-81.2126,M4-050,OSTRICH 2014,L4S-A.PRO
158.521065,14.1,0,27.771,27.768,36.315,23.462,51,15,2.3,0.6,231.5,2,0,0,0,0,0,24.3489,-81.2125,M4-050,OSTRICH 2014,L4S-A.PRO
158.521111,13.9,0,27.771,27.767,36.316,23.463,52,16,2.3,0.41,247.8,2,0,0,0,0,0,24.3489,-81.2125,M4-050,OSTRICH 2014,L4S-A.PRO
158.521157,13.9,0,27.771,27.768,36.315,23.462,52,17,2.3,0.41,264.1,2,0,0,0,0,0,24.349,-81.2125,M4-050,OSTRICH 2014,L4S-A.PRO
158.521204,14,0,27.772,27.769,36.315,23.461,52,18,2.3,0.02,280.4,2,0,0,0,0,0,24.349,-81.2125,M4-050,OSTRICH 2014,L4S-A.PRO
158.52125,14,0,27.773,27.77,36.314,23.461,51,19,2.3,0.22,297,2,0,0,0,0,0,24.349,-81.2124,M4-050,OSTRICH 2014,L4S-A.PRO
158.521296,14,0,27.773,27.769,36.315,23.462,51,19,2,0.61,297,2,0,0,0,0,0,24.349,-81.2124,M4-050,OSTRICH 2014,L4S-A.PRO
158.521343,13.9,0,27.772,27.769,36.315,23.462,52,20,2,0.61,313.2,2,0,0,0,0,0,24.3491,-81.2124,M4-050,OSTRICH 2014,L4S-A.PRO
158.521389,13.9,0,27.772,27.769,36.316,23.462,52,21,2,0.22,329.5,2,0,0,0,0,0,24.3491,-81.2124,M4-050,OSTRICH 2014,L4S-A.PRO
158.521435,14,0,27.773,27.77,36.314,23.461,52,22,2,0.22,345.8,2,0,0,0,0,0,24.3491,-81.2123,M4-050,OSTRICH 2014,L4S-A.PRO
158.521481,13.9,0,27.774,27.771,36.314,23.46,52,23,2,0.02,362.2,2,0,0,0,0,0,24.3491,-81.2123,M4-050,OSTRICH 2014,L4S-A.PRO
158.521528,13.6,0,27.773,27.77,36.315,23.462,52,24,2,0.41,378.5,2,0,0,0,0,0,24.3492,-81.2123,M4-050,OSTRICH 2014,L4S-A.PRO
158.521586,13.9,0,27.772,27.768,36.316,23.463,52,25,2,0.22,394.8,2,0,0,0,0,0,24.3492,-81.2123,M4-050,OSTRICH 2014,L4S-A.PRO
158.521632,13.7,0,27.771,27.768,36.317,23.463,52,26,2,0.41,411,2,0,0,0,0,0,24.3492,-81.2122,M4-050,OSTRICH 2014,L4S-A.PRO
158.521678,13.6,0,27.771,27.768,36.316,23.463,52,27,2.3,0.6,427.2,2,0,0,0,0,0,24.3492,-81.2122,M4-050,OSTRICH 2014,L4S-A.PRO
158.521725,13.8,0,27.772,27.768,36.316,23.462,52,28,2.3,0.02,443.6,2,0,0,0,0,0,24.3493,-81.2122,M4-050,OSTRICH 2014,L4S-A.PRO
158.521771,13.7,0,27.772,27.768,36.316,23.462,51,29,2.3,0.22,460.2,2,0,0,0,0,0,24.3493,-81.2122,M4-050,OSTRICH 2014,L4S-A.PRO
158.521817,13.6,0,27.771,27.767,36.316,23.463,51,30,2.3,0.61,476.7,2,0,0,0,0,0,24.3493,-81.2121,M4-050,OSTRICH 2014,L4S-A.PRO
158.521863,14.1,0,27.77,27.766,36.316,23.464,62,31,2.3,-0.37,489.8,2,0,0,0,0,0,24.3493,-81.2121,M4-050,OSTRICH 2014,L4S-A.PRO
158.52191,14.1,0,27.77,27.766,36.317,23.464,58,32,2.3,-0.76,504.3,2,0,0,0,0,0,24.3494,-81.2121,M4-050,OSTRICH 2014,L4S-A.PRO
158.521956,13.8,0,27.77,27.767,36.316,23.464,54,0,2,0.02,0,3,0,0,0,0,0,24.3494,-81.2121,M4-050,OSTRICH 2014,L4S-A.PRO
158.522002,13.8,0,27.77,27.767,36.316,23.463,52,1,2,-0.17,16.4,3,0,0,0,0,0,24.3494,-81.212,M4-050,OSTRICH 2014,L4S-A.PRO
158.522049,13.8,0,27.768,27.765,36.317,23.465,51,2,2,-0.37,33.2,3,0,0,0,0,0,24.3494,-81.212,M4-050,OSTRICH 2014,L4S-A.PRO
158.522095,13.7,0,27.768,27.765,36.317,23.465,51,3,2,0.22,49.8,3,0,0,0,0,0,24.3494,-81.212,M4-050,OSTRICH 2014,L4S-A.PRO
158.522141,13.8,0,27.768,27.765,36.317,23.464,51,4,2,-0.17,66.6,3,0,0,0,0,0,24.3495,-81.2119,M4-050,OSTRICH 2014,L4S-A.PRO
158.522188,13.8,0,27.767,27.764,36.317,23.465,50,5,2,-0.37,83.7,3,0,0,0,0,0,24.3495,-81.2119,M4-050,OSTRICH 2014,L4S-A.PRO
158.522234,14,0,27.766,27.762,36.317,23.466,51,6,2,0.02,100.4,3,0,0,0,0,0,24.3495,-81.2119,M4-050,OSTRICH 2014,L4S-A.PRO
158.52228,13.8,0,27.765,27.762,36.318,23.466,50,7,2,0.41,117.3,3,0,0,0,0,0,24.3496,-81.2119,M4-050,OSTRICH 2014,L4S-A.PRO
158.522326,13.8,0,27.766,27.763,36.317,23.465,51,8,2.3,0.02,134,3,0,0,0,0,0,24.3496,-81.2118,M4-050,OSTRICH 2014,L4S-A.PRO
158.522373,13.9,0,27.767,27.764,36.316,23.464,51,9,2.3,-0.18,150.7,3,0,0,0,0,0,24.3496,-81.2118,M4-050,OSTRICH 2014,L4S-A.PRO
158.522419,13.8,0,27.765,27.761,36.318,23.466,51,10,2.3,0.02,167.4,3,0,0,0,0,0,24.3496,-81.2118,M4-050,OSTRICH 2014,L4S-A.PRO
158.522465,14,0,27.76,27.757,36.319,23.469,51,11,2.3,-0.57,184.2,3,0,0,0,0,0,24.3497,-81.2118,M4-050,OSTRICH 2014,L4S-A.PRO
158.522512,13.9,0,27.759,27.756,36.319,23.469,50,12,2.3,-0.18,201.3,3,0,0,0,0,0,24.3497,-81.2117,M4-050,OSTRICH 2014,L4S-A.PRO
158.522558,13.9,0,27.761,27.758,36.317,23.467,51,13,2.3,-0.17,218,3,0,0,0,0,0,24.3497,-81.2117,M4-050,OSTRICH 2014,L4S-A.PRO
158.522604,13.8,0,27.764,27.761,36.316,23.465,51,14,2.3,0.41,234.6,3,0,0,0,0,0,24.3497,-81.2117,M4-050,OSTRICH 2014,L4S-A.PRO
158.52265,13.7,0,27.765,27.762,36.316,23.465,51,15,2.3,0.21,251.2,3,0,0,0,0,0,24.3498,-81.2117,M4-050,OSTRICH 2014,L4S-A.PRO
158.522697,13.9,0,27.764,27.761,36.317,23.466,51,16,2.3,-0.17,268,3,0,0,0,0,0,24.3498,-81.2116,M4-050,OSTRICH 2014,L4S-A.PRO
158.522743,13.9,0,27.764,27.761,36.317,23.466,50,17,2.3,0.02,285,3,0,0,0,0,0,24.3498,-81.2116,M4-050,OSTRICH 2014,L4S-A.PRO
158.522789,13.8,0,27.766,27.762,36.317,23.465,51,18,2.3,0.02,301.7,3,0,0,0,0,0,24.3498,-81.2116,M4-050,OSTRICH 2014,L4S-A.PRO
158.522836,14.1,0,27.764,27.761,36.318,23.466,51,19,2.3,-0.18,318.4,3,0,0,0,0,0,24.3499,-81.2116,M4-050,OSTRICH 2014,L4S-A.PRO
158.522882,14.2,0,27.761,27.758,36.318,23.468,51,20,2.3,-0.57,335.3,3,0,0,0,0,0,24.3499,-81.2115,M4-050,OSTRICH 2014,L4S-A.PRO
158.522928,13.9,0,27.76,27.757,36.319,23.468,51,21,2.3,0.02,351.9,3,0,0,0,0,0,24.3499,-81.2115,M4-050,OSTRICH 2014,L4S-A.PRO
158.522975,14.1,0,27.759,27.755,36.319,23.469,51,22,2.3,-0.57,368.8,3,0,0,0,0,0,24.35,-81.2115,M4-050,OSTRICH 2014,L4S-A.PRO
158.523021,14,0,27.756,27.753,36.319,23.47,51,23,2.3,-0.57,385.6,3,0,0,0,0,0,24.35,-81.2115,M4-050,OSTRICH 2014,L4S-A.PRO
158.523067,14,0,27.757,27.754,36.318,23.469,51,23,2,-0.18,385.6,3,0,0,0,0,0,24.35,-81.2114,M4-050,OSTRICH 2014,L4S-A.PRO
158.523113,14.1,0,27.758,27.755,36.319,23.469,51,24,2,-0.37,402.4,3,0,0,0,0,0,24.35,-81.2114,M4-050,OSTRICH 2014,L4S-A.PRO
158.52316,14.1,0,27.759,27.756,36.318,23.468,50,25,2,-0.57,419.6,3,0,0,0,0,0,24.3501,-81.2114,M4-050,OSTRICH 2014,L4S-A.PRO
158.523206,14.3,0,27.761,27.758,36.317,23.467,51,26,2,-0.37,436.4,3,0,0,0,0,0,24.3501,-81.2114,M4-050,OSTRICH 2014,L4S-A.PRO
158.523252,14.2,0,27.762,27.759,36.317,23.466,50,27,2,0.02,453.4,3,0,0,0,0,0,24.3501,-81.2113,M4-050,OSTRICH 2014,L4S-A.PRO
158.523299,14,0,27.763,27.759,36.317,23.466,50,28,2,-0.17,470.5,3,0,0,0,0,0,24.3501,-81.2113,M4-050,OSTRICH 2014,L4S-A.PRO
158.523345,14.3,0,27.763,27.76,36.317,23.466,50,29,2,-0.37,487.6,3,0,0,0,0,0,24.3502,-81.2113,M4-050,OSTRICH 2014,L4S-A.PRO
158.523391,14.5,0,27.762,27.758,36.318,23.467,61,30,2,-0.96,501.1,3,0,0,0,0,0,24.3502,-81.2113,M4-050,OSTRICH 2014,L4S-A.PRO
158.523438,14.2,0,27.761,27.757,36.318,23.468,56,1,2.3,-0.37,0,4,0,0,0,0,0,24.3502,-81.2112,M4-050,OSTRICH 2014,L4S-A.PRO
158.523484,14.3,0,27.759,27.755,36.319,23.469,54,2,2.3,-0.37,15.8,4,0,0,0,0,0,24.3502,-81.2112,M4-050,OSTRICH 2014,L4S-A.PRO
158.52353,14.2,0,27.762,27.759,36.317,23.466,51,3,2.3,-0.18,32.5,4,0,0,0,0,0,24.3503,-81.2112,M4-050,OSTRICH 2014,L4S-A.PRO
158.523576,14,0,27.764,27.761,36.317,23.466,51,4,2.3,0.61,49.1,4,0,0,0,0,0,24.3503,-81.2112,M4-050,OSTRICH 2014,L4S-A.PRO
158.523623,14,0,27.767,27.763,36.315,23.464,51,5,2.3,0.41,65.6,4,0,0,0,0,0,24.3503,-81.2111,M4-050,OSTRICH 2014,L4S-A.PRO
158.523669,13.9,0,27.768,27.765,36.315,23.463,50,6,2.3,0.22,82.6,4,0,0,0,0,0,24.3503,-81.2111,M4-050,OSTRICH 2014,L4S-A.PRO
158.523715,14.1,0,27.768,27.765,36.315,23.464,51,7,2.3,0.41,99.2,4,0,0,0,0,0,24.3504,-81.2111,M4-050,OSTRICH 2014,L4S-A.PRO
158.523762,13.8,0,27.767,27.764,36.316,23.464,50,8,2.3,1.39,115.8,4,0,0,0,0,0,24.3504,-81.211,M4-050,OSTRICH 2014,L4S-A.PRO
158.523808,13.9,0,27.77,27.766,36.315,23.463,50,9,2.3,0.6,132.7,4,0,0,0,0,0,24.3504,-81.211,M4-050,OSTRICH 2014,L4S-A.PRO
158.523854,13.9,0,27.769,27.766,36.315,23.463,50,10,2.3,0.8,149.5,4,0,0,0,0,0,24.3505,-81.211,M4-050,OSTRICH 2014,L4S-A.PRO
158.5239,13.9,0,27.768,27.765,36.316,23.464,50,11,2.3,0.61,166.4,4,0,0,0,0,0,24.3505,-81.211,M4-050,OSTRICH 2014,L4S-A.PRO
158.523947,13.9,0,27.77,27.767,36.315,23.463,51,12,2.3,0.21,183,4,0,0,0,0,0,24.3505,-81.2109,M4-050,OSTRICH 2014,L4S-A.PRO
158.523993,13.9,0,27.771,27.768,36.315,23.462,51,13,2.3,0.22,199.6,4,0,0,0,0,0,24.3505,-81.2109,M4-050,OSTRICH 2014,L4S-A.PRO
158.524039,14,0,27.771,27.768,36.315,23.462,51,14,2.3,-0.18,216.4,4,0,0,0,0,0,24.3506,-81.2109,M4-050,OSTRICH 2014,L4S-A.PRO
158.524086,14.1,0,27.771,27.767,36.315,23.462,50,15,2.3,0.02,233.4,4,0,0,0,0,0,24.3506,-81.2109,M4-050,OSTRICH 2014,L4S-A.PRO
158.524132,13.9,0,27.769,27.766,36.316,23.463,51,16,2.3,-0.18,250.1,4,0,0,0,0,0,24.3506,-81.2108,M4-050,OSTRICH 2014,L4S-A.PRO
158.524178,14,0,27.767,27.764,36.316,23.464,50,17,2.3,-0.17,267.2,4,0,0,0,0,0,24.3506,-81.2108,M4-050,OSTRICH 2014,L4S-A.PRO
158.524225,13.8,0,27.77,27.767,36.315,23.463,50,18,2.3,0.22,284.2,4,0,0,0,0,0,24.3507,-81.2108,M4-050,OSTRICH 2014,L4S-A.PRO
158.524271,13.9,0,27.771,27.767,36.315,23.462,51,19,2.3,0.02,300.8,4,0,0,0,0,0,24.3507,-81.2108,M4-050,OSTRICH 2014,L4S-A.PRO
158.524317,13.9,0,27.77,27.766,36.316,23.463,50,20,2.3,0.02,317.9,4,0,0,0,0,0,24.3507,-81.2107,M4-050,OSTRICH 2014,L4S-A.PRO
158.524363,13.9,0,27.77,27.767,36.315,23.463,51,21,2.3,0.02,334.5,4,0,0,0,0,0,24.3507,-81.2107,M4-050,OSTRICH 2014,L4S-A.PRO
158.52441,13.9,0,27.77,27.767,36.315,23.462,51,22,2.3,0.22,351.2,4,0,0,0,0,0,24.3508,-81.2107,M4-050,OSTRICH 2014,L4S-A.PRO
158.524456,13.8,0,27.772,27.768,36.314,23.461,51,23,2.3,0.6,367.7,4,0,0,0,0,0,24.3508,-81.2107,M4-050,OSTRICH 2014,L4S-A.PRO
158.524502,13.7,0,27.771,27.768,36.315,23.462,51,24,2.3,0.41,384.3,4,0,0,0,0,0,24.3508,-81.2106,M4-050,OSTRICH 2014,L4S-A.PRO
158.524549,13.7,0,27.77,27.767,36.315,23.463,51,25,2.3,0.6,400.8,4,0,0,0,0,0,24.3508,-81.2106,M4-050,OSTRICH 2014,L4S-A.PRO
158.524595,13.9,0,27.772,27.768,36.315,23.462,51,26,2.3,-0.18,417.6,4,0,0,0,0,0,24.3509,-81.2106,M4-050,OSTRICH 2014,L4S-A.PRO
158.524641,13.8,0,27.773,27.769,36.315,23.461,51,27,2.3,0.21,434.2,4,0,0,0,0,0,24.3509,-81.2106,M4-050,OSTRICH 2014,L4S-A.PRO
158.524699,13.8,0,27.773,27.77,36.315,23.461,51,28,2.3,0.21,450.8,4,0,0,0,0,0,24.3509,-81.2105,M4-050,OSTRICH 2014,L4S-A.PRO
158.524745,13.8,0,27.772,27.768,36.315,23.462,51,29,2.3,0.21,467.5,4,0,0,0,0,0,24.351,-81.2105,M4-050,OSTRICH 2014,L4S-A.PRO
158.524792,13.6,0,27.771,27.768,36.315,23.462,51,30,2.3,0.6,484,4,0,0,0,0,0,24.351,-81.2105,M4-050,OSTRICH 2014,L4S-A.PRO
158.524838,14,0,27.774,27.77,36.313,23.46,63,31,2.3,-0.37,496.7,4,0,0,0,0,0,24.351,-81.2105,M4-050,OSTRICH 2014,L4S-A.PRO
